,proc
0,0
1,0
2,0
3,0
4,0
5,0
6,0
7,0
8,0
9,0
10,0
11,0
12,0
13,0
14,0
15,0
16,0
17,0
18,0
19,0
20,0
21,0
22,0
23,0
24,0
25,0
26,0
27,0
28,0
29,0
30,0
31,0
32,0
33,0
34,0
35,0
36,0
37,0
38,0
39,0
40,0
41,0
42,0
43,0
44,0
45,0
46,0
47,3
48,3
49,3
50,3
51,3
52,3
53,3
54,3
55,3
56,3
57,3
58,3
59,3
60,3
61,3
62,3
63,3
64,3
65,3
66,3
67,3
68,3
69,3
70,3
71,3
72,3
73,3
74,3
75,3
76,3
77,3
78,3
79,3
80,3
81,3
82,3
83,3
84,3
85,3
86,3
87,3
88,3
89,3
90,3
91,3
92,3
93,4
94,4
95,4
96,4
97,4
98,4
99,6
100,6
101,6
102,2
103,2
104,2
105,2
106,2
107,2
108,2
109,2
110,2
111,2
112,2
113,2
114,2
115,2
116,2
117,2
118,2
119,2
120,2
121,2
122,2
123,2
124,2
125,2
126,2
127,2
128,2
129,2
130,2
131,2
132,2
133,2
134,2
135,2
136,2
137,2
138,2
139,2
140,2
141,2
142,2
143,7
144,7
145,6
146,6
147,6
148,3
149,3
150,3
151,3
152,3
153,3
154,3
155,3
156,3
157,3
158,3
159,3
160,3
161,3
162,3
163,3
164,3
165,3
166,3
167,3
168,3
169,3
170,3
171,3
172,3
173,3
174,3
175,3
176,3
177,3
178,3
179,3
180,3
181,3
182,3
183,3
184,3
185,3
186,3
187,3
188,3
189,3
190,3
191,9
192,9
193,9
194,8
195,8
196,8
197,8
198,8
199,6
200,6
201,6
202,6
203,6
204,6
205,2
206,2
207,2
208,2
209,2
210,2
211,2
212,2
213,2
214,2
215,2
216,2
217,2
218,2
219,2
220,2
221,2
222,2
223,2
224,2
225,2
226,2
227,2
228,2
229,2
230,2
231,2
232,2
233,2
234,2
235,2
236,2
237,2
238,2
239,2
240,2
241,2
242,2
243,2
244,2
245,2
246,11
247,11
248,11
249,11
250,11
251,11
252,11
253,11
254,11
255,11
256,11
257,11
258,11
259,11
260,11
261,11
262,11
263,11
264,11
265,11
266,11
267,11
268,11
269,11
270,6
271,6
272,6
273,6
274,6
275,6
276,6
277,6
278,6
279,6
280,6
281,6
282,6
283,6
284,6
285,6
286,6
287,6
288,6
289,6
290,6
291,6
292,6
293,6
294,6
295,6
296,6
297,6
298,6
299,6
300,6
301,6
302,6
303,6
304,6
305,6
306,6
307,6
308,6
309,6
310,6
311,6
312,6
313,6
314,6
315,6
316,6
317,6
318,6
319,6
320,6
321,6
322,6
323,6
324,6
325,6
326,6
327,6
328,6
329,6
330,6
331,6
332,6
333,6
334,6
335,6
336,6
337,6
338,6
339,6
340,6
341,6
342,14
343,14
344,14
345,14
346,14
347,14
348,14
349,14
350,14
351,14
352,14
353,14
354,14
355,14
356,14
357,14
358,14
359,14
360,3
361,3
362,3
363,3
364,3
365,3
366,3
367,3
368,3
369,3
370,3
371,3
372,3
373,3
374,3
375,3
376,3
377,3
378,0
379,0
380,15
381,15
382,15
383,6
384,6
385,6
386,6
387,6
388,6
389,6
390,6
391,6
392,6
393,6
394,6
395,6
396,6
397,6
398,6
399,6
400,6
401,6
402,6
403,6
404,6
405,6
406,6
407,6
408,6
409,6
410,6
411,6
412,6
413,6
414,6
415,6
416,6
417,6
418,6
419,6
420,6
421,6
422,6
423,6
424,6
425,6
426,6
427,6
428,6
429,6
430,6
431,6
432,6
433,6
434,6
435,6
436,6
437,6
438,6
439,6
440,6
441,6
442,6
443,6
444,9
445,9
446,9
447,9
448,9
449,9
450,9
451,9
452,1
453,1
454,1
455,1
456,1
457,1
458,1
459,1
460,1
461,1
462,1
463,1
464,1
465,1
466,1
467,1
468,1
469,1
470,1
471,1
472,1
473,1
474,1
475,1
476,1
477,1
478,1
479,1
480,1
481,1
482,1
483,1
484,1
485,1
486,1
487,1
488,1
489,1
490,1
491,1
492,1
493,10
494,10
495,10
496,6
497,6
498,6
499,9
500,9
501,9
502,9
503,9
504,9
505,9
506,10
507,10
508,10
509,10
510,6
511,6
512,6
513,6
514,6
515,6
516,6
517,6
518,6
519,6
520,6
521,6
522,6
523,6
524,6
525,6
526,6
527,6
528,6
529,6
530,6
531,9
532,9
533,9
534,9
535,9
536,9
537,9
538,9
539,9
540,9
541,9
542,9
543,9
544,9
545,9
546,9
547,9
548,9
549,9
550,9
551,9
552,9
553,9
554,9
555,9
556,9
557,9
558,9
559,9
560,9
561,9
562,9
563,9
564,9
565,9
566,9
567,9
568,9
569,9
570,9
571,9
572,9
573,9
574,9
575,9
576,9
577,9
578,9
579,9
580,9
581,9
582,9
583,9
584,9
585,9
586,9
587,6
588,6
589,6
590,6
591,6
592,6
593,6
594,6
595,6
596,6
597,6
598,6
599,6
600,6
601,6
602,6
603,6
604,6
605,9
606,9
607,9
608,9
609,9
610,2
611,2
612,2
613,2
614,2
615,2
616,2
617,2
618,2
619,2
620,2
621,2
622,2
623,2
624,2
625,2
626,2
627,2
628,2
629,2
630,2
631,2
632,2
633,2
634,2
635,2
636,2
637,2
638,2
639,2
640,16
641,16
642,16
643,16
644,16
645,16
646,16
647,6
648,6
649,6
650,6
651,6
652,0
653,0
654,0
655,0
656,0
657,0
658,0
659,0
660,0
661,0
662,0
663,15
664,15
665,15
666,15
667,6
668,6
669,6
670,6
671,6
672,6
673,6
674,6
675,6
676,6
677,6
678,6
679,6
680,6
681,6
682,6
683,6
684,6
685,6
686,6
687,6
688,6
689,6
690,6
691,6
692,6
693,6
694,6
695,6
696,6
697,6
698,6
699,6
700,6
701,6
702,6
703,6
704,6
705,6
706,6
707,6
708,6
709,6
710,1
711,1
712,1
713,1
714,1
715,1
716,1
717,1
718,1
719,1
720,1
721,1
722,1
723,1
724,1
725,1
726,1
727,1
728,1
729,1
730,1
731,1
732,1
733,1
734,1
735,1
736,1
737,1
738,1
739,1
740,1
741,1
742,1
743,1
744,1
745,1
746,1
747,1
748,1
749,1
750,1
751,1
752,1
753,1
754,1
755,1
756,1
757,1
758,9
759,9
760,9
761,9
762,9
763,9
764,9
765,9
766,9
767,9
768,9
769,9
770,9
771,9
772,9
773,9
774,9
775,9
776,9
777,9
778,9
779,9
780,9
781,9
782,9
783,9
784,9
785,9
786,9
787,9
788,9
789,9
790,9
791,9
792,9
793,9
794,9
795,9
796,9
797,9
798,9
799,9
800,9
801,9
802,9
803,9
804,9
805,6
806,6
807,6
808,6
809,6
810,6
811,6
812,18
813,18
814,18
815,15
816,15
817,15
818,15
819,15
820,15
821,15
822,15
823,15
824,15
825,15
826,15
827,15
828,15
829,15
830,15
831,15
832,15
833,15
834,15
835,15
836,15
837,15
838,15
839,15
840,15
841,15
842,15
843,15
844,15
845,15
846,15
847,15
848,15
849,15
850,9
851,9
852,9
853,9
854,9
855,9
856,18
857,18
858,18
859,7
860,7
861,7
862,7
863,6
864,6
865,6
866,6
867,6
868,6
869,6
870,6
871,6
872,6
873,6
874,6
875,6
876,6
877,6
878,6
879,6
880,6
881,6
882,6
883,6
884,6
885,6
886,6
887,6
888,6
889,6
890,6
891,6
892,6
893,6
894,6
895,6
896,6
897,6
898,6
899,6
900,6
901,6
902,6
903,6
904,6
905,6
906,6
907,6
908,6
909,6
910,6
911,6
912,6
913,6
914,6
915,15
916,15
917,15
918,15
919,15
920,15
921,15
922,15
923,15
924,15
925,15
926,15
927,15
928,15
929,15
930,15
931,15
932,15
933,15
934,15
935,15
936,15
937,15
938,15
939,15
940,15
941,15
942,15
943,15
944,15
945,15
946,15
947,15
948,15
949,15
950,15
951,15
952,15
953,15
954,15
955,15
956,15
957,15
958,15
959,15
960,15
961,15
962,15
963,15
964,15
965,15
966,15
967,15
968,15
969,15
970,15
971,15
972,15
973,15
974,15
975,15
976,15
977,15
978,15
979,15
980,15
981,15
982,15
983,15
984,15
985,15
986,15
987,15
988,15
989,15
990,15
991,15
992,15
993,15
994,15
995,15
996,15
997,15
998,9
999,9
1000,9
1001,9
1002,9
1003,9
1004,9
1005,9
1006,9
1007,9
1008,9
1009,15
1010,15
1011,15
1012,15
1013,15
1014,15
1015,15
1016,18
1017,18
1018,18
1019,18
1020,18
1021,18
1022,18
1023,18
1024,18
1025,18
1026,18
1027,18
1028,18
1029,18
1030,18
1031,18
1032,18
1033,18
1034,18
1035,18
1036,18
1037,18
1038,18
1039,18
1040,18
1041,18
1042,18
1043,18
1044,18
1045,18
1046,18
1047,18
1048,18
1049,18
1050,18
1051,18
1052,18
1053,18
1054,18
1055,18
1056,18
1057,0
1058,0
1059,0
1060,0
1061,0
1062,15
1063,15
1064,15
1065,15
1066,15
1067,15
1068,15
1069,15
1070,15
1071,15
1072,15
1073,15
1074,15
1075,15
1076,15
1077,15
1078,15
1079,15
1080,15
1081,15
1082,15
1083,15
1084,15
1085,15
1086,15
1087,15
1088,15
1089,15
1090,15
1091,15
1092,15
1093,15
1094,15
1095,15
1096,15
1097,15
1098,15
1099,15
1100,15
1101,15
1102,15
1103,15
1104,15
1105,15
1106,15
1107,15
1108,15
1109,15
1110,15
1111,15
1112,15
1113,15
1114,15
1115,15
1116,15
1117,15
1118,15
1119,15
1120,15
1121,15
1122,15
1123,15
1124,15
1125,15
1126,15
1127,15
1128,15
1129,15
1130,15
1131,15
1132,15
1133,15
1134,15
1135,15
1136,15
1137,15
1138,15
1139,15
1140,15
1141,15
1142,15
1143,15
1144,15
1145,15
1146,15
1147,15
1148,15
1149,15
1150,15
1151,15
1152,15
1153,15
1154,15
1155,15
1156,15
1157,15
1158,15
1159,15
1160,15
1161,15
1162,15
1163,15
1164,15
1165,15
1166,15
1167,15
1168,15
1169,15
1170,15
1171,15
1172,0
1173,0
1174,0
1175,0
1176,0
1177,0
1178,0
1179,0
1180,0
1181,0
1182,0
1183,0
1184,0
1185,0
1186,0
1187,0
1188,0
1189,0
1190,0
1191,0
1192,0
1193,0
1194,0
1195,0
1196,0
1197,0
1198,0
1199,0
1200,0
1201,0
1202,0
1203,0
1204,0
1205,0
1206,0
1207,0
1208,0
1209,0
1210,0
1211,0
1212,0
1213,0
1214,0
1215,0
1216,0
1217,0
1218,0
1219,0
1220,0
1221,0
1222,6
1223,6
1224,6
1225,6
1226,6
1227,6
1228,6
1229,6
1230,6
1231,6
1232,15
1233,15
1234,15
1235,15
1236,15
1237,0
1238,0
1239,0
1240,0
1241,19
1242,19
1243,19
1244,19
1245,19
1246,19
1247,19
1248,19
1249,19
1250,19
1251,19
1252,19
1253,19
1254,19
1255,19
1256,19
1257,19
1258,19
1259,19
1260,19
1261,19
1262,19
1263,19
1264,19
1265,19
1266,19
1267,19
1268,19
1269,19
1270,19
1271,19
1272,19
1273,19
1274,19
1275,19
1276,19
1277,19
1278,15
1279,15
1280,15
1281,15
1282,15
1283,15
1284,15
1285,15
1286,15
1287,15
1288,15
1289,15
1290,6
1291,6
1292,6
1293,6
1294,6
1295,6
1296,6
1297,6
1298,6
1299,6
1300,6
1301,6
1302,6
1303,6
1304,6
1305,6
1306,6
1307,6
1308,6
1309,6
1310,6
1311,6
1312,6
1313,6
1314,6
1315,6
1316,6
1317,6
1318,15
1319,15
1320,15
1321,15
1322,15
1323,15
1324,15
1325,15
1326,15
1327,15
1328,15
1329,15
1330,16
1331,16
1332,16
1333,16
1334,16
1335,16
1336,16
1337,16
1338,6
1339,6
1340,6
1341,6
1342,6
1343,6
1344,6
1345,6
1346,6
1347,6
1348,6
1349,6
1350,6
1351,6
1352,6
1353,6
1354,6
1355,6
1356,6
1357,6
1358,6
1359,6
1360,6
1361,6
1362,6
1363,6
1364,6
1365,6
1366,6
1367,6
1368,6
1369,6
1370,6
1371,6
1372,6
1373,6
1374,6
1375,6
1376,6
1377,6
1378,6
1379,6
1380,6
1381,6
1382,6
1383,6
1384,6
1385,6
1386,6
1387,6
1388,15
1389,15
1390,15
1391,15
1392,15
1393,15
1394,15
1395,15
1396,15
1397,15
1398,15
1399,15
1400,15
1401,15
1402,19
1403,19
1404,6
1405,6
1406,6
1407,6
1408,6
1409,6
1410,6
1411,6
1412,6
1413,6
1414,6
1415,6
1416,6
1417,6
1418,6
1419,6
1420,6
1421,6
1422,6
1423,6
1424,6
1425,6
1426,6
1427,6
1428,6
1429,6
1430,0
1431,0
1432,0
1433,0
1434,0
1435,15
1436,15
1437,15
1438,15
1439,15
1440,15
1441,15
1442,15
1443,18
1444,18
1445,18
1446,18
1447,18
1448,18
1449,18
1450,18
1451,18
1452,18
1453,18
1454,18
1455,18
1456,18
1457,18
1458,18
1459,18
1460,18
1461,18
1462,18
1463,18
1464,18
1465,18
1466,18
1467,18
1468,18
1469,18
1470,18
1471,18
1472,18
1473,18
1474,18
1475,18
1476,18
1477,18
1478,18
1479,18
1480,18
1481,18
1482,16
1483,16
1484,18
1485,18
1486,18
1487,18
1488,18
1489,18
1490,18
1491,18
1492,18
1493,18
1494,18
1495,18
1496,18
1497,15
1498,15
1499,6
1500,6
1501,6
1502,15
1503,15
1504,15
1505,15
1506,15
1507,15
1508,15
1509,15
1510,15
1511,15
1512,15
1513,15
1514,15
1515,15
1516,15
1517,15
1518,15
1519,15
1520,15
1521,15
1522,15
1523,15
1524,15
1525,15
1526,15
1527,15
1528,15
1529,15
1530,15
1531,15
1532,15
1533,15
1534,15
1535,15
1536,18
1537,18
1538,18
1539,18
1540,18
1541,15
1542,15
1543,15
1544,15
1545,15
1546,15
1547,15
1548,15
1549,15
1550,15
1551,15
1552,6
1553,6
1554,6
1555,6
1556,6
1557,6
1558,6
1559,15
1560,15
1561,15
1562,15
1563,15
1564,15
1565,15
1566,15
1567,15
1568,15
1569,15
1570,15
1571,15
1572,15
1573,15
1574,15
1575,15
1576,15
1577,15
1578,15
1579,15
1580,15
1581,16
1582,16
1583,2
1584,2
1585,2
1586,2
1587,2
1588,2
1589,2
1590,2
1591,2
1592,2
1593,15
1594,15
1595,15
1596,15
1597,15
1598,15
1599,15
1600,15
1601,15
1602,15
1603,15
1604,6
1605,6
1606,6
1607,15
1608,15
1609,15
1610,18
1611,18
1612,18
1613,18
1614,18
1615,18
1616,18
1617,18
1618,18
1619,18
1620,18
1621,18
1622,18
1623,18
1624,18
1625,18
1626,18
1627,18
1628,18
1629,18
1630,18
1631,18
1632,18
1633,18
1634,18
1635,18
1636,18
1637,18
1638,18
1639,18
1640,18
1641,18
1642,18
1643,18
1644,18
1645,18
1646,18
1647,18
1648,18
1649,18
1650,18
1651,18
1652,18
1653,18
1654,18
1655,18
1656,18
1657,15
1658,15
1659,15
1660,15
1661,15
1662,15
1663,15
1664,15
1665,15
1666,15
1667,15
1668,15
1669,15
1670,15
1671,15
1672,15
1673,15
1674,15
1675,15
1676,15
1677,15
1678,15
1679,15
1680,15
1681,15
1682,15
1683,15
1684,15
1685,15
1686,15
1687,15
1688,15
1689,15
1690,15
1691,15
1692,15
1693,15
1694,15
1695,15
1696,15
1697,15
1698,15
1699,18
1700,18
1701,6
1702,6
1703,6
1704,6
1705,6
1706,6
1707,6
1708,6
1709,6
1710,6
1711,10
1712,10
1713,2
1714,2
1715,15
1716,15
1717,15
1718,15
1719,15
1720,15
1721,15
1722,15
1723,15
1724,15
1725,15
1726,15
1727,15
1728,15
1729,15
1730,15
1731,15
1732,15
1733,15
1734,15
1735,15
1736,15
1737,15
1738,15
1739,15
1740,15
1741,15
1742,15
1743,15
1744,15
1745,15
1746,15
1747,15
1748,15
1749,15
1750,15
1751,15
1752,15
1753,15
1754,15
1755,15
1756,4
1757,4
1758,4
1759,6
1760,6
1761,6
1762,6
1763,6
1764,6
1765,6
1766,6
1767,22
1768,22
1769,22
1770,6
1771,6
1772,9
1773,9
1774,9
1775,9
1776,9
1777,9
1778,9
1779,9
1780,9
1781,9
1782,9
1783,9
1784,9
1785,9
1786,9
1787,9
1788,9
1789,9
1790,9
1791,9
1792,9
1793,9
1794,9
1795,9
1796,18
1797,18
1798,18
1799,18
1800,18
1801,18
1802,15
1803,15
1804,15
1805,15
1806,15
1807,15
1808,15
1809,15
1810,15
1811,15
1812,15
1813,15
1814,15
1815,15
1816,15
1817,15
1818,15
1819,15
1820,15
1821,15
1822,15
1823,15
1824,15
1825,15
1826,15
1827,15
1828,15
1829,15
1830,15
1831,15
1832,15
1833,15
1834,15
1835,15
1836,15
1837,15
1838,15
1839,15
1840,15
1841,15
1842,15
1843,15
1844,15
1845,15
1846,15
1847,15
1848,15
1849,15
1850,15
1851,15
1852,15
1853,15
1854,15
1855,15
1856,15
1857,15
1858,15
1859,15
1860,15
1861,15
1862,15
1863,15
1864,15
1865,15
1866,15
1867,15
1868,15
1869,15
1870,15
1871,15
1872,15
1873,15
1874,15
1875,15
1876,6
1877,6
1878,6
1879,6
1880,6
1881,6
1882,15
1883,15
1884,15
1885,15
1886,15
1887,15
1888,15
1889,15
1890,15
1891,15
1892,15
1893,15
1894,15
1895,15
1896,15
1897,15
1898,15
1899,15
1900,15
1901,15
1902,15
1903,15
1904,15
1905,15
1906,15
1907,15
1908,15
1909,15
1910,15
1911,15
1912,15
1913,15
1914,15
1915,15
1916,15
1917,15
1918,15
1919,15
1920,15
1921,15
1922,15
1923,15
1924,15
1925,15
1926,15
1927,15
1928,15
1929,15
1930,15
1931,15
1932,15
1933,15
1934,15
1935,15
1936,15
1937,15
1938,15
1939,15
1940,15
1941,15
1942,15
1943,15
1944,15
1945,15
1946,15
1947,15
1948,15
1949,15
1950,15
1951,15
1952,15
1953,15
1954,15
1955,15
1956,15
1957,15
1958,15
1959,15
1960,15
1961,15
1962,15
1963,15
1964,15
1965,15
1966,15
1967,15
1968,15
1969,15
1970,15
1971,15
1972,15
1973,15
1974,15
1975,15
1976,15
1977,15
1978,15
1979,15
1980,15
1981,15
1982,18
1983,18
1984,15
1985,15
1986,15
1987,15
1988,15
1989,15
1990,15
1991,15
1992,15
1993,15
1994,15
1995,15
1996,15
1997,15
1998,15
1999,15
2000,15
2001,15
2002,15
2003,15
2004,15
2005,15
2006,15
2007,15
2008,15
2009,15
2010,15
2011,15
2012,15
2013,15
2014,15
2015,15
2016,15
2017,15
2018,15
2019,15
2020,15
2021,15
2022,15
2023,15
2024,15
2025,6
2026,6
2027,0
2028,0
2029,0
2030,0
2031,0
2032,0
2033,0
2034,0
2035,0
2036,0
2037,0
2038,0
2039,0
2040,15
2041,15
2042,15
2043,15
2044,15
2045,15
2046,6
2047,6
2048,16
2049,16
2050,16
2051,16
2052,16
2053,16
2054,16
2055,16
2056,16
2057,16
2058,16
2059,16
2060,16
2061,16
2062,16
2063,16
2064,16
2065,16
2066,16
2067,16
2068,16
2069,16
2070,16
2071,16
2072,16
2073,16
2074,16
2075,16
2076,16
2077,16
2078,16
2079,16
2080,16
2081,16
2082,16
2083,16
2084,16
2085,16
2086,16
2087,16
2088,16
2089,2
2090,2
2091,16
2092,16
2093,18
2094,18
2095,18
2096,18
2097,15
2098,15
2099,15
2100,15
2101,15
2102,15
2103,6
2104,6
2105,6
2106,6
2107,6
2108,6
2109,6
2110,6
2111,6
2112,6
2113,6
2114,6
2115,6
2116,6
2117,6
2118,6
2119,6
2120,6
2121,6
2122,6
2123,6
2124,6
2125,6
2126,6
2127,6
2128,6
2129,6
2130,6
2131,16
2132,16
2133,9
2134,9
2135,6
2136,6
2137,6
2138,6
2139,6
2140,6
2141,6
2142,6
2143,16
2144,16
2145,16
2146,6
2147,6
2148,6
2149,6
2150,6
2151,6
2152,6
2153,6
2154,6
2155,6
2156,6
2157,6
2158,6
2159,6
2160,6
2161,6
2162,22
2163,22
2164,22
2165,22
2166,22
2167,22
2168,22
2169,22
2170,22
2171,22
2172,22
2173,22
2174,22
2175,22
2176,22
2177,22
2178,22
2179,22
2180,22
2181,22
2182,22
2183,22
2184,22
2185,22
2186,22
2187,22
2188,22
2189,15
2190,15
2191,15
2192,18
2193,18
2194,18
2195,18
2196,18
2197,18
2198,18
2199,18
2200,18
2201,6
2202,6
2203,6
2204,6
2205,6
2206,6
2207,6
2208,6
2209,6
2210,6
2211,15
2212,15
2213,15
2214,15
2215,15
2216,15
2217,15
2218,15
2219,15
2220,15
2221,15
2222,15
2223,15
2224,15
2225,15
2226,15
2227,15
2228,15
2229,15
2230,15
2231,15
2232,15
2233,15
2234,15
2235,15
2236,15
2237,15
2238,15
2239,15
2240,15
2241,0
2242,0
2243,0
2244,0
2245,18
2246,18
2247,18
2248,18
2249,18
2250,18
2251,15
2252,15
2253,15
2254,15
2255,15
2256,15
2257,15
2258,18
2259,18
2260,18
2261,18
2262,18
2263,18
2264,18
2265,6
2266,6
2267,6
2268,15
2269,15
2270,15
2271,15
2272,15
2273,6
2274,6
2275,6
2276,6
2277,6
2278,6
2279,6
2280,6
2281,6
2282,6
2283,6
2284,6
2285,6
2286,6
2287,6
2288,6
2289,6
2290,6
2291,6
2292,6
2293,6
2294,6
2295,6
2296,6
2297,6
2298,6
2299,6
2300,6
2301,6
2302,6
2303,6
2304,6
2305,6
2306,6
2307,6
2308,6
2309,6
2310,6
2311,15
2312,15
2313,15
2314,15
2315,15
2316,15
2317,15
2318,15
2319,15
2320,15
2321,15
2322,15
2323,15
2324,15
2325,15
2326,15
2327,15
2328,15
2329,15
2330,15
2331,15
2332,15
2333,15
2334,15
2335,15
2336,15
2337,15
2338,15
2339,15
2340,15
2341,15
2342,15
2343,15
2344,15
2345,15
2346,15
2347,15
2348,15
2349,15
2350,15
2351,15
2352,15
2353,15
2354,15
2355,15
2356,15
2357,15
2358,15
2359,15
2360,15
2361,15
2362,15
2363,18
2364,18
2365,18
2366,18
2367,18
2368,18
2369,18
2370,10
2371,10
2372,10
2373,10
2374,10
2375,10
2376,10
2377,15
2378,15
2379,6
2380,6
2381,6
2382,6
2383,6
2384,6
2385,6
2386,6
2387,6
2388,6
2389,6
2390,6
2391,6
2392,6
2393,6
2394,6
2395,6
2396,6
2397,6
2398,6
2399,6
2400,6
2401,6
2402,6
2403,6
2404,6
2405,6
2406,6
2407,6
2408,6
2409,6
2410,6
2411,6
2412,6
2413,6
2414,6
2415,6
2416,6
2417,15
2418,15
2419,15
2420,15
2421,15
2422,15
2423,15
2424,15
2425,6
2426,6
2427,6
2428,6
2429,15
2430,15
2431,15
2432,15
2433,15
2434,15
2435,24
2436,24
2437,24
2438,24
2439,24
2440,24
2441,24
2442,24
2443,24
2444,24
2445,24
2446,24
2447,24
2448,24
2449,24
2450,24
2451,24
2452,24
2453,24
2454,24
2455,24
2456,24
2457,24
2458,24
2459,24
2460,24
2461,24
2462,24
2463,24
2464,24
2465,24
2466,25
2467,25
2468,25
2469,15
2470,15
2471,15
2472,15
2473,15
2474,15
2475,15
2476,26
2477,26
2478,26
2479,6
2480,6
2481,6
2482,6
2483,6
2484,6
2485,6
2486,6
2487,6
2488,6
2489,6
2490,6
2491,6
2492,6
2493,6
2494,6
2495,6
2496,6
2497,6
2498,6
2499,6
2500,6
2501,6
2502,6
2503,6
2504,6
2505,6
2506,6
2507,6
2508,6
2509,6
2510,6
2511,6
2512,6
2513,6
2514,15
2515,15
2516,15
2517,15
2518,15
2519,15
2520,15
2521,15
2522,15
2523,15
2524,15
2525,15
2526,15
2527,15
2528,15
2529,15
2530,9
2531,9
2532,9
2533,9
2534,9
2535,9
2536,9
2537,9
2538,9
2539,15
2540,15
2541,15
2542,15
2543,15
2544,15
2545,15
2546,15
2547,15
2548,15
2549,15
2550,15
2551,15
2552,15
2553,15
2554,15
2555,15
2556,15
2557,15
2558,15
2559,15
2560,15
2561,15
2562,15
2563,15
2564,15
2565,15
2566,15
2567,15
2568,15
2569,15
2570,18
2571,18
2572,18
2573,15
2574,15
2575,15
2576,15
2577,15
2578,15
2579,15
2580,15
2581,15
2582,15
2583,15
2584,15
2585,15
2586,15
2587,15
2588,15
2589,4
2590,4
2591,4
2592,4
2593,4
2594,15
2595,15
2596,15
2597,15
2598,15
2599,15
2600,15
2601,15
2602,15
2603,15
2604,15
2605,15
2606,15
2607,15
2608,15
2609,15
2610,15
2611,15
2612,15
2613,15
2614,15
2615,15
2616,15
2617,15
2618,15
2619,15
2620,15
2621,15
2622,15
2623,15
2624,15
2625,15
2626,15
2627,15
2628,16
2629,16
2630,16
2631,0
2632,0
2633,0
2634,0
2635,4
2636,4
2637,4
2638,4
2639,4
2640,4
2641,4
2642,4
2643,4
2644,4
2645,4
2646,4
2647,4
2648,15
2649,15
2650,15
2651,15
2652,15
2653,15
2654,15
2655,15
2656,15
2657,15
2658,15
2659,6
2660,6
2661,6
2662,6
2663,6
2664,6
2665,6
2666,6
2667,6
2668,6
2669,6
2670,6
2671,6
2672,6
2673,6
2674,4
2675,4
2676,4
2677,4
2678,4
2679,4
2680,4
2681,4
2682,4
2683,4
2684,4
2685,4
2686,4
2687,4
2688,4
2689,4
2690,4
2691,15
2692,15
2693,15
2694,15
2695,15
2696,0
2697,0
2698,0
2699,0
2700,0
2701,15
2702,15
2703,15
2704,15
2705,0
2706,0
2707,0
2708,0
2709,15
2710,15
2711,15
2712,15
2713,15
2714,15
2715,15
2716,15
2717,15
2718,15
2719,15
2720,15
2721,15
2722,15
2723,15
2724,15
2725,15
2726,15
2727,15
2728,15
2729,15
2730,15
2731,15
2732,15
2733,15
2734,15
2735,15
2736,15
2737,15
2738,15
2739,15
2740,15
2741,15
2742,15
2743,15
2744,15
2745,15
2746,15
2747,15
2748,15
2749,15
2750,15
2751,15
2752,15
2753,15
2754,6
2755,6
2756,10
2757,10
2758,10
2759,10
2760,10
2761,10
2762,6
2763,6
2764,6
2765,6
2766,6
2767,6
2768,15
2769,15
2770,15
2771,15
2772,15
2773,15
2774,15
2775,15
2776,15
2777,15
2778,15
2779,15
2780,15
2781,15
2782,15
2783,15
2784,15
2785,15
2786,15
2787,15
2788,15
2789,15
2790,15
2791,15
2792,15
2793,15
2794,15
2795,15
2796,15
2797,0
2798,0
2799,0
2800,0
2801,0
2802,0
2803,0
2804,0
2805,0
2806,0
2807,0
2808,0
2809,0
2810,0
2811,0
2812,15
2813,15
2814,15
2815,15
2816,15
2817,15
2818,15
2819,15
2820,15
2821,15
2822,15
2823,15
2824,15
2825,15
2826,15
2827,15
2828,15
2829,15
2830,15
2831,15
2832,15
2833,15
2834,15
2835,15
2836,15
2837,15
2838,15
2839,15
2840,15
2841,15
2842,15
2843,15
2844,15
2845,15
2846,15
2847,15
2848,15
2849,15
2850,15
2851,15
2852,15
2853,15
2854,15
2855,15
2856,15
2857,15
2858,15
2859,15
2860,15
2861,15
2862,15
2863,15
2864,15
2865,18
2866,18
2867,6
2868,6
2869,6
2870,6
2871,6
2872,6
2873,15
2874,15
2875,15
2876,15
2877,15
2878,15
2879,15
2880,15
2881,15
2882,15
2883,15
2884,15
2885,15
2886,15
2887,15
2888,15
2889,15
2890,15
2891,15
2892,15
2893,15
2894,15
2895,15
2896,15
2897,15
2898,15
2899,15
2900,15
2901,15
2902,15
2903,15
2904,15
2905,15
2906,15
2907,15
2908,15
2909,15
2910,15
2911,15
2912,15
2913,15
2914,15
2915,15
2916,15
2917,15
2918,15
2919,15
2920,15
2921,15
2922,15
2923,15
2924,15
2925,15
2926,15
2927,15
2928,15
2929,15
2930,15
2931,15
2932,15
2933,15
2934,15
2935,15
2936,15
2937,15
2938,15
2939,15
2940,15
2941,15
2942,15
2943,15
2944,15
2945,15
2946,15
2947,15
2948,15
2949,15
2950,15
2951,15
2952,15
2953,15
2954,15
2955,15
2956,15
2957,15
2958,15
2959,15
2960,15
2961,4
2962,4
2963,4
2964,4
2965,4
2966,4
2967,4
2968,4
2969,4
2970,4
2971,4
2972,4
2973,4
2974,4
2975,4
2976,4
2977,15
2978,15
2979,15
2980,15
2981,15
2982,15
2983,15
2984,15
2985,15
2986,15
2987,15
2988,15
2989,15
2990,15
2991,15
2992,15
2993,15
2994,15
2995,15
2996,15
2997,15
2998,15
2999,15
3000,15
3001,15
3002,15
3003,15
3004,15
3005,15
3006,15
3007,15
3008,15
3009,15
3010,15
3011,15
3012,15
3013,15
3014,15
3015,15
3016,15
3017,15
3018,15
3019,15
3020,15
3021,15
3022,15
3023,15
3024,15
3025,15
3026,15
3027,15
3028,15
3029,15
3030,15
3031,15
3032,15
3033,15
3034,15
3035,15
3036,15
3037,15
3038,15
3039,15
3040,15
3041,15
3042,15
3043,15
3044,15
3045,15
3046,15
3047,15
3048,15
3049,15
3050,15
3051,15
3052,15
3053,15
3054,15
3055,15
3056,15
3057,4
3058,4
3059,4
3060,4
3061,4
3062,4
3063,15
3064,15
3065,15
3066,15
3067,15
3068,15
3069,15
3070,15
3071,15
3072,15
3073,15
3074,15
3075,15
3076,15
3077,15
3078,15
3079,15
3080,15
3081,15
3082,15
3083,15
3084,15
3085,15
3086,15
3087,15
3088,15
3089,15
3090,15
3091,15
3092,15
3093,15
3094,15
3095,15
3096,15
3097,15
3098,15
3099,15
3100,15
3101,15
3102,15
3103,15
3104,15
3105,15
3106,15
3107,15
3108,15
3109,15
3110,15
3111,15
3112,15
3113,15
3114,15
3115,15
3116,15
3117,18
3118,18
3119,18
3120,18
3121,18
3122,18
3123,18
3124,18
3125,18
3126,6
3127,6
3128,6
3129,6
3130,6
3131,6
3132,6
3133,6
3134,6
3135,6
3136,15
3137,15
3138,15
3139,15
3140,15
3141,15
3142,15
3143,15
3144,15
3145,15
3146,15
3147,15
3148,15
3149,15
3150,15
3151,15
3152,15
3153,15
3154,15
3155,18
3156,18
3157,18
3158,18
3159,18
3160,18
3161,18
3162,18
3163,18
3164,18
3165,18
3166,18
3167,18
3168,18
3169,18
3170,18
3171,18
3172,18
3173,18
3174,18
3175,18
3176,18
3177,18
3178,18
3179,18
3180,18
3181,18
3182,18
3183,18
3184,18
3185,18
3186,18
3187,15
3188,15
3189,15
3190,15
3191,15
3192,15
3193,15
3194,15
3195,15
3196,15
3197,15
3198,15
3199,15
3200,15
3201,15
3202,15
3203,15
3204,15
3205,15
3206,18
3207,18
3208,18
3209,18
3210,18
3211,18
3212,18
3213,18
3214,18
3215,18
3216,18
3217,18
3218,18
3219,18
3220,18
3221,15
3222,15
3223,15
3224,15
3225,15
3226,15
3227,15
3228,15
3229,15
3230,15
3231,15
3232,15
3233,15
3234,15
3235,15
3236,15
3237,15
3238,15
3239,15
3240,15
3241,15
3242,15
3243,15
3244,15
3245,15
3246,15
3247,15
3248,15
3249,15
3250,15
3251,15
3252,15
3253,15
3254,15
3255,15
3256,15
3257,15
3258,15
3259,15
3260,15
3261,15
3262,15
3263,15
3264,15
3265,15
3266,15
3267,15
3268,15
3269,15
3270,15
3271,15
3272,15
3273,15
3274,15
3275,15
3276,15
3277,15
3278,15
3279,15
3280,15
3281,15
3282,15
3283,15
3284,15
3285,15
3286,15
3287,15
3288,6
3289,6
3290,6
3291,6
3292,6
3293,6
3294,6
3295,6
3296,6
3297,6
3298,6
3299,6
3300,6
3301,6
3302,6
3303,6
3304,6
3305,6
3306,6
3307,6
3308,6
3309,6
3310,6
3311,6
3312,6
3313,18
3314,18
3315,18
3316,18
3317,18
3318,18
3319,18
3320,18
3321,18
3322,18
3323,18
3324,18
3325,15
3326,15
3327,15
3328,15
3329,15
3330,15
3331,15
3332,15
3333,15
3334,15
3335,15
3336,15
3337,15
3338,15
3339,15
3340,15
3341,15
3342,15
3343,15
3344,15
3345,15
3346,15
3347,15
3348,15
3349,15
3350,15
3351,15
3352,15
3353,15
3354,15
3355,15
3356,15
3357,15
3358,15
3359,15
3360,18
3361,18
3362,18
3363,6
3364,6
3365,6
3366,6
3367,6
3368,6
3369,6
3370,6
3371,6
3372,18
3373,18
3374,15
3375,15
3376,15
3377,15
3378,15
3379,15
3380,15
3381,15
3382,15
3383,15
3384,15
3385,15
3386,15
3387,15
3388,15
3389,15
3390,15
3391,15
3392,15
3393,15
3394,15
3395,15
3396,15
3397,15
3398,15
3399,15
3400,15
3401,15
3402,15
3403,15
3404,15
3405,15
3406,15
3407,15
3408,15
3409,15
3410,15
3411,15
3412,15
3413,15
3414,15
3415,15
3416,15
3417,15
3418,15
3419,15
3420,15
3421,15
3422,15
3423,15
3424,15
3425,18
3426,18
3427,18
3428,18
3429,10
3430,10
3431,10
3432,10
3433,10
3434,10
3435,10
3436,10
3437,10
3438,10
3439,18
3440,18
3441,18
3442,18
3443,18
3444,16
3445,16
3446,16
3447,16
3448,16
3449,16
3450,16
3451,16
3452,16
3453,16
3454,16
3455,16
3456,16
3457,16
3458,16
3459,16
3460,16
3461,16
3462,16
3463,16
3464,16
3465,16
3466,16
3467,16
3468,16
3469,16
3470,16
3471,16
3472,16
3473,16
3474,16
3475,16
3476,16
3477,16
3478,18
3479,18
3480,18
3481,18
3482,18
3483,16
3484,16
3485,16
3486,16
3487,16
3488,16
3489,2
3490,2
3491,2
3492,15
3493,15
3494,15
3495,15
3496,15
3497,15
3498,18
3499,18
3500,18
3501,18
3502,18
3503,18
3504,18
3505,18
3506,18
3507,18
3508,18
3509,18
3510,18
3511,18
3512,18
3513,18
3514,18
3515,18
3516,18
3517,18
3518,18
3519,18
3520,18
3521,18
3522,18
3523,18
3524,18
3525,18
3526,18
3527,18
3528,18
3529,18
3530,18
3531,18
3532,18
3533,18
3534,18
3535,18
3536,18
3537,18
3538,18
3539,18
3540,18
3541,18
3542,2
3543,2
3544,2
3545,2
3546,15
3547,15
3548,15
3549,15
3550,15
3551,15
3552,15
3553,15
3554,15
3555,15
3556,15
3557,15
3558,15
3559,15
3560,15
3561,15
3562,15
3563,15
3564,15
3565,15
3566,15
3567,15
3568,15
3569,15
3570,15
3571,15
3572,15
3573,15
3574,15
3575,15
3576,15
3577,15
3578,15
3579,15
3580,15
3581,15
3582,15
3583,15
3584,15
3585,15
3586,15
3587,15
3588,15
3589,15
3590,0
3591,0
3592,0
3593,0
3594,0
3595,0
3596,4
3597,4
3598,4
3599,4
3600,4
3601,4
3602,4
3603,4
3604,4
3605,4
3606,4
3607,4
3608,4
3609,4
3610,4
3611,4
3612,4
3613,4
3614,4
3615,4
3616,4
3617,4
3618,4
3619,4
3620,4
3621,4
3622,4
3623,4
3624,4
3625,4
3626,4
3627,4
3628,4
3629,4
3630,4
3631,4
3632,4
3633,4
3634,4
3635,4
3636,4
3637,4
3638,4
3639,4
3640,15
3641,15
3642,15
3643,15
3644,15
3645,15
3646,15
3647,15
3648,15
3649,15
3650,15
3651,15
3652,15
3653,15
3654,15
3655,15
3656,15
3657,15
3658,15
3659,15
3660,15
3661,15
3662,15
3663,15
3664,15
3665,15
3666,15
3667,15
3668,15
3669,15
3670,15
3671,15
3672,15
3673,15
3674,15
3675,15
3676,15
3677,15
3678,15
3679,15
3680,15
3681,15
3682,15
3683,15
3684,15
3685,15
3686,15
3687,15
3688,15
3689,15
3690,15
3691,15
3692,15
3693,15
3694,15
3695,15
3696,15
3697,15
3698,15
3699,15
3700,15
3701,15
3702,15
3703,15
3704,15
3705,15
3706,15
3707,15
3708,15
3709,15
3710,15
3711,15
3712,15
3713,15
3714,15
3715,15
3716,15
3717,15
3718,15
3719,15
3720,15
3721,15
3722,15
3723,15
3724,15
3725,15
3726,15
3727,15
3728,15
3729,15
3730,15
3731,15
3732,15
3733,15
3734,15
3735,15
3736,15
3737,15
3738,15
3739,15
3740,15
3741,15
3742,15
3743,15
3744,15
3745,15
3746,15
3747,15
3748,15
3749,0
3750,0
3751,0
3752,0
3753,0
3754,0
3755,0
3756,0
3757,0
3758,0
3759,0
3760,0
3761,0
3762,0
3763,0
3764,0
3765,0
3766,0
3767,0
3768,0
3769,0
3770,0
3771,0
3772,0
3773,0
3774,0
3775,0
3776,0
3777,0
3778,0
3779,0
3780,0
3781,0
3782,0
3783,0
3784,0
3785,0
3786,0
3787,0
3788,0
3789,0
3790,0
3791,0
3792,0
3793,0
3794,0
3795,2
3796,2
3797,2
3798,2
3799,2
3800,2
3801,2
3802,2
3803,2
3804,2
3805,2
3806,2
3807,2
3808,2
3809,2
3810,2
3811,2
3812,2
3813,2
3814,2
3815,2
3816,2
3817,2
3818,2
3819,2
3820,2
3821,2
3822,2
3823,2
3824,2
3825,2
3826,2
3827,2
3828,2
3829,2
3830,2
3831,2
3832,2
3833,2
3834,2
3835,15
3836,15
3837,15
3838,15
3839,15
3840,15
3841,15
3842,15
3843,15
3844,15
3845,15
3846,15
3847,15
3848,15
3849,0
3850,0
3851,0
3852,0
3853,0
3854,0
3855,0
3856,0
3857,0
3858,0
3859,0
3860,0
3861,0
3862,0
3863,0
3864,0
3865,0
3866,0
3867,0
3868,0
3869,0
3870,0
3871,0
3872,0
3873,0
3874,0
3875,0
3876,0
3877,0
3878,0
3879,0
3880,0
3881,0
3882,0
3883,0
3884,0
3885,0
3886,0
3887,0
3888,0
3889,0
3890,0
3891,0
3892,0
3893,0
3894,0
3895,0
3896,0
3897,0
3898,0
3899,0
3900,0
3901,0
3902,15
3903,15
3904,15
3905,15
3906,15
3907,15
3908,15
3909,15
3910,15
3911,15
3912,15
3913,15
3914,15
3915,15
3916,15
3917,15
3918,15
3919,10
3920,10
3921,10
3922,10
3923,10
3924,10
3925,10
3926,10
3927,10
3928,10
3929,10
3930,10
3931,10
3932,10
3933,10
3934,10
3935,27
3936,27
3937,27
3938,27
3939,27
3940,27
3941,27
3942,27
3943,15
3944,15
3945,15
3946,15
3947,15
3948,15
3949,15
3950,15
3951,15
3952,15
3953,15
3954,15
3955,15
3956,15
3957,15
3958,15
3959,15
3960,15
3961,15
3962,15
3963,15
3964,15
3965,15
3966,15
3967,15
3968,15
3969,15
3970,15
3971,15
3972,15
3973,15
3974,15
3975,15
3976,15
3977,15
3978,15
3979,15
3980,15
3981,15
3982,15
3983,15
3984,15
3985,15
3986,15
3987,15
3988,15
3989,15
3990,15
3991,15
3992,15
3993,15
3994,15
3995,15
3996,15
3997,15
3998,15
3999,15
4000,15
4001,15
4002,15
4003,15
4004,15
4005,15
4006,15
4007,15
4008,15
4009,15
4010,15
4011,15
4012,15
4013,15
4014,15
4015,15
4016,15
4017,15
4018,15
4019,15
4020,15
4021,15
4022,15
4023,15
4024,15
4025,15
4026,15
4027,15
4028,15
4029,15
4030,15
4031,15
4032,15
4033,15
4034,15
4035,15
4036,15
4037,15
4038,15
4039,15
4040,15
4041,15
4042,15
4043,15
4044,15
4045,15
4046,15
4047,15
4048,15
4049,15
4050,15
4051,15
4052,15
4053,15
4054,15
4055,15
4056,15
4057,15
4058,15
4059,15
4060,15
4061,15
4062,15
4063,15
4064,15
4065,15
4066,15
4067,15
4068,15
4069,15
4070,15
4071,15
4072,15
4073,18
4074,18
4075,18
4076,15
4077,15
4078,15
4079,15
4080,15
4081,15
4082,15
4083,15
4084,15
4085,15
4086,15
4087,15
4088,15
4089,15
4090,15
4091,15
4092,15
4093,15
4094,15
4095,15
4096,15
4097,15
4098,15
4099,15
4100,15
4101,15
4102,15
4103,15
4104,15
4105,15
4106,15
4107,15
4108,15
4109,15
4110,4
4111,4
4112,4
4113,4
4114,4
4115,4
4116,4
4117,4
4118,4
4119,4
4120,4
4121,4
4122,4
4123,4
4124,4
4125,4
4126,4
4127,4
4128,4
4129,4
4130,4
4131,4
4132,4
4133,4
4134,4
4135,4
4136,4
4137,4
4138,4
4139,4
4140,4
4141,4
4142,4
4143,4
4144,18
4145,18
4146,18
4147,18
4148,18
4149,18
4150,6
4151,6
4152,6
4153,6
4154,6
4155,6
4156,6
4157,6
4158,6
4159,6
4160,6
4161,6
4162,0
4163,0
4164,0
4165,0
4166,0
4167,0
4168,0
4169,0
4170,0
4171,0
4172,0
4173,0
4174,0
4175,0
4176,0
4177,0
4178,0
4179,0
4180,0
4181,0
4182,0
4183,0
4184,0
4185,0
4186,0
4187,0
4188,0
4189,15
4190,15
4191,15
4192,15
4193,15
4194,15
4195,15
4196,15
4197,15
4198,15
4199,15
4200,15
4201,15
4202,15
4203,18
4204,18
4205,18
4206,18
4207,18
4208,18
4209,18
4210,18
4211,18
4212,18
4213,18
4214,18
4215,18
4216,18
4217,4
4218,4
4219,4
4220,4
4221,4
4222,4
4223,4
4224,4
4225,4
4226,4
4227,4
4228,4
4229,4
4230,4
4231,4
4232,4
4233,4
4234,4
4235,4
4236,4
4237,4
4238,4
4239,4
4240,4
4241,4
4242,4
4243,4
4244,4
4245,4
4246,4
4247,4
4248,4
4249,4
4250,4
4251,29
4252,29
4253,29
4254,29
4255,29
4256,29
4257,29
4258,6
4259,6
4260,6
4261,6
4262,6
4263,6
4264,6
4265,6
4266,6
4267,6
4268,6
4269,6
4270,6
4271,6
4272,6
4273,6
4274,6
4275,30
4276,30
4277,30
4278,30
4279,30
4280,30
4281,30
4282,30
4283,30
4284,30
4285,30
4286,30
4287,30
4288,30
4289,30
4290,30
4291,30
4292,30
4293,30
4294,30
4295,30
4296,30
4297,30
4298,30
4299,30
4300,30
4301,30
4302,30
4303,30
4304,30
4305,30
4306,30
4307,30
4308,30
4309,30
4310,30
4311,30
4312,30
4313,30
4314,30
4315,30
4316,30
4317,18
4318,18
4319,18
4320,18
4321,18
4322,18
4323,18
4324,18
4325,18
4326,18
4327,18
4328,18
4329,18
4330,18
4331,18
4332,18
4333,18
4334,18
4335,18
4336,18
4337,18
4338,18
4339,18
4340,18
4341,18
4342,18
4343,18
4344,18
4345,16
4346,16
4347,16
4348,16
4349,16
4350,16
4351,16
4352,16
4353,16
4354,16
4355,16
4356,16
4357,16
4358,16
4359,16
4360,16
4361,30
4362,30
4363,30
4364,16
4365,16
4366,16
4367,16
4368,16
4369,16
4370,16
4371,16
4372,32
4373,32
4374,32
4375,30
4376,30
4377,30
4378,30
4379,30
4380,30
4381,30
4382,30
4383,30
4384,30
4385,30
4386,30
4387,30
4388,30
4389,30
4390,30
4391,30
4392,30
4393,30
4394,30
4395,30
4396,30
4397,30
4398,30
4399,30
4400,30
4401,30
4402,30
4403,30
4404,30
4405,15
4406,15
4407,15
4408,15
4409,15
4410,15
4411,18
4412,18
4413,18
4414,18
4415,18
4416,6
4417,6
4418,6
4419,6
4420,6
4421,6
4422,6
4423,6
4424,6
4425,6
4426,15
4427,15
4428,15
4429,15
4430,15
4431,30
4432,30
4433,30
4434,30
4435,30
4436,30
4437,30
4438,30
4439,30
4440,30
4441,30
4442,30
4443,30
4444,30
4445,30
4446,30
4447,30
4448,30
4449,30
4450,30
4451,30
4452,30
4453,30
4454,30
4455,6
4456,6
4457,6
4458,6
4459,0
4460,0
4461,0
4462,0
4463,0
4464,0
4465,0
4466,0
4467,0
4468,0
4469,0
4470,0
4471,0
4472,0
4473,0
4474,0
4475,0
4476,0
4477,0
4478,0
4479,0
4480,0
4481,0
4482,0
4483,0
4484,0
4485,0
4486,0
4487,0
4488,0
4489,0
4490,0
4491,0
4492,0
4493,0
4494,0
4495,0
4496,0
4497,0
4498,0
4499,0
4500,33
4501,33
4502,33
4503,33
4504,33
4505,33
4506,33
4507,33
4508,33
4509,33
4510,33
4511,33
4512,33
4513,33
4514,33
4515,33
4516,33
4517,30
4518,30
4519,30
4520,30
4521,30
4522,30
4523,30
4524,30
4525,30
4526,30
4527,30
4528,30
4529,30
4530,30
4531,30
4532,30
4533,30
4534,30
4535,30
4536,30
4537,30
4538,30
4539,30
4540,30
4541,30
4542,30
4543,30
4544,30
4545,30
4546,30
4547,30
4548,30
4549,30
4550,30
4551,30
4552,30
4553,30
4554,30
4555,30
4556,30
4557,30
4558,30
4559,30
4560,30
4561,30
4562,33
4563,33
4564,33
4565,33
4566,33
4567,33
4568,33
4569,33
4570,33
4571,33
4572,33
4573,33
4574,33
4575,33
4576,6
4577,6
4578,6
4579,6
4580,6
4581,6
4582,6
4583,6
4584,6
4585,6
4586,6
4587,6
4588,6
4589,6
4590,6
4591,6
4592,6
4593,6
4594,6
4595,6
4596,6
4597,6
4598,6
4599,6
4600,6
4601,6
4602,6
4603,6
4604,6
4605,6
4606,6
4607,6
4608,6
4609,6
4610,6
4611,6
4612,18
4613,18
4614,6
4615,6
4616,6
4617,6
4618,6
4619,6
4620,6
4621,16
4622,16
4623,16
4624,16
4625,16
4626,16
4627,16
4628,16
4629,4
4630,4
4631,4
4632,4
4633,4
4634,4
4635,4
4636,4
4637,4
4638,4
4639,4
4640,4
4641,4
4642,4
4643,4
4644,4
4645,4
4646,4
4647,4
4648,4
4649,4
4650,4
4651,4
4652,4
4653,4
4654,4
4655,4
4656,4
4657,4
4658,4
4659,4
4660,4
4661,4
4662,4
4663,4
4664,4
4665,6
4666,6
4667,6
4668,10
4669,10
4670,6
4671,6
4672,6
4673,6
4674,6
4675,6
4676,6
4677,6
4678,6
4679,6
4680,6
4681,6
4682,6
4683,6
4684,6
4685,6
4686,6
4687,6
4688,6
4689,6
4690,6
4691,6
4692,6
4693,6
4694,6
4695,6
4696,6
4697,6
4698,6
4699,6
4700,6
4701,6
4702,6
4703,6
4704,6
4705,6
4706,6
4707,6
4708,6
4709,6
4710,6
4711,6
4712,6
4713,6
4714,6
4715,6
4716,6
4717,6
4718,6
4719,6
4720,22
4721,22
4722,22
4723,22
4724,22
4725,22
4726,22
4727,22
4728,22
4729,22
4730,22
4731,30
4732,30
4733,30
4734,30
4735,30
4736,30
4737,30
4738,30
4739,30
4740,30
4741,30
4742,30
4743,30
4744,30
4745,30
4746,30
4747,30
4748,30
4749,30
4750,30
4751,30
4752,30
4753,30
4754,30
4755,30
4756,30
4757,30
4758,30
4759,30
4760,30
4761,30
4762,30
4763,30
4764,30
4765,30
4766,30
4767,30
4768,30
4769,30
4770,23
4771,23
4772,23
4773,23
4774,23
4775,23
4776,30
4777,30
4778,30
4779,30
4780,30
4781,30
4782,30
4783,30
4784,30
4785,30
4786,30
4787,30
4788,30
4789,30
4790,30
4791,30
4792,30
4793,30
4794,30
4795,30
4796,30
4797,30
4798,30
4799,30
4800,30
4801,30
4802,30
4803,30
4804,30
4805,30
4806,30
4807,30
4808,30
4809,30
4810,30
4811,30
4812,30
4813,30
4814,30
4815,30
4816,30
4817,22
4818,22
4819,0
4820,0
4821,0
4822,0
4823,0
4824,0
4825,0
4826,0
4827,0
4828,0
4829,0
4830,0
4831,0
4832,6
4833,6
4834,6
4835,6
4836,18
4837,18
4838,18
4839,18
4840,18
4841,18
4842,18
4843,18
4844,18
4845,30
4846,30
4847,30
4848,30
4849,30
4850,30
4851,30
4852,30
4853,30
4854,30
4855,30
4856,30
4857,30
4858,30
4859,30
4860,30
4861,30
4862,30
4863,30
4864,30
4865,30
4866,30
4867,30
4868,30
4869,30
4870,30
4871,30
4872,30
4873,30
4874,30
4875,30
4876,30
4877,30
4878,30
4879,30
4880,30
4881,30
4882,18
4883,18
4884,18
4885,18
4886,6
4887,6
4888,6
4889,6
4890,6
4891,9
4892,9
4893,9
4894,9
4895,9
4896,9
4897,9
4898,9
4899,9
4900,9
4901,9
4902,9
4903,9
4904,9
4905,9
4906,9
4907,9
4908,9
4909,9
4910,9
4911,9
4912,9
4913,9
4914,9
4915,9
4916,9
4917,9
4918,9
4919,9
4920,9
4921,9
4922,9
4923,9
4924,9
4925,9
4926,9
4927,9
4928,9
4929,9
4930,9
4931,9
4932,9
4933,9
4934,9
4935,9
4936,9
4937,9
4938,9
4939,9
4940,9
4941,9
4942,9
4943,9
4944,9
4945,9
4946,9
4947,9
4948,9
4949,9
4950,9
4951,9
4952,9
4953,9
4954,9
4955,9
4956,9
4957,9
4958,9
4959,9
4960,9
4961,9
4962,9
4963,9
4964,9
4965,9
4966,9
4967,9
4968,9
4969,9
4970,9
4971,9
4972,9
4973,9
4974,9
4975,9
4976,9
4977,9
4978,9
4979,9
4980,9
4981,9
4982,9
4983,9
4984,9
4985,9
4986,9
4987,9
4988,9
4989,9
4990,9
4991,9
4992,9
4993,9
4994,9
4995,9
4996,9
4997,9
4998,9
4999,9
5000,9
5001,9
5002,9
5003,9
5004,9
5005,9
5006,9
5007,9
5008,9
5009,9
5010,9
5011,9
5012,9
5013,9
5014,9
5015,9
5016,9
5017,9
5018,9
5019,9
5020,9
5021,9
5022,6
5023,6
5024,6
5025,6
5026,6
5027,6
5028,6
5029,6
5030,6
5031,6
5032,6
5033,6
5034,6
5035,6
5036,6
5037,6
5038,6
5039,6
5040,6
5041,6
5042,6
5043,6
5044,6
5045,6
5046,6
5047,6
5048,6
5049,6
5050,6
5051,6
5052,6
5053,6
5054,6
5055,6
5056,6
5057,6
5058,6
5059,6
5060,6
5061,6
5062,6
5063,6
5064,6
5065,6
5066,6
5067,6
5068,6
5069,6
5070,6
5071,6
5072,6
5073,6
5074,6
5075,6
5076,6
5077,6
5078,6
5079,6
5080,6
5081,6
5082,6
5083,6
5084,6
5085,6
5086,6
5087,6
5088,6
5089,6
5090,6
5091,6
5092,6
5093,6
5094,6
5095,6
5096,6
5097,6
5098,6
5099,6
5100,6
5101,6
5102,6
5103,6
5104,6
5105,6
5106,6
5107,6
5108,6
5109,6
5110,6
5111,6
5112,6
5113,6
5114,6
5115,6
5116,6
5117,6
5118,6
5119,6
5120,6
5121,6
5122,6
5123,6
5124,6
5125,6
5126,6
5127,6
5128,22
5129,22
5130,22
5131,22
5132,22
5133,37
5134,37
5135,37
5136,37
5137,22
5138,22
5139,22
5140,22
5141,22
5142,22
5143,22
5144,22
5145,22
5146,22
5147,22
5148,22
5149,22
5150,22
5151,22
5152,22
5153,22
5154,22
5155,22
5156,22
5157,22
5158,22
5159,22
5160,22
5161,22
5162,22
5163,22
5164,22
5165,22
5166,22
5167,22
5168,15
5169,15
5170,15
5171,15
5172,15
5173,15
5174,15
5175,15
5176,22
5177,22
5178,22
5179,22
5180,6
5181,6
5182,22
5183,22
5184,22
5185,22
5186,22
5187,22
5188,22
5189,22
5190,22
5191,22
5192,22
5193,22
5194,22
5195,22
5196,22
5197,22
5198,22
5199,22
5200,22
5201,22
5202,22
5203,22
5204,22
5205,22
5206,22
5207,22
5208,22
5209,22
5210,22
5211,22
5212,22
5213,22
5214,22
5215,22
5216,22
5217,22
5218,22
5219,22
5220,22
5221,22
5222,22
5223,22
5224,22
5225,22
5226,22
5227,22
5228,22
5229,22
5230,22
5231,22
5232,22
5233,22
5234,22
5235,22
5236,22
5237,22
5238,22
5239,22
5240,22
5241,22
5242,22
5243,22
5244,22
5245,22
5246,22
5247,22
5248,22
5249,15
5250,15
5251,15
5252,15
5253,15
5254,15
5255,15
5256,15
5257,15
5258,15
5259,15
5260,15
5261,15
5262,15
5263,15
5264,15
5265,15
5266,15
5267,15
5268,15
5269,15
5270,15
5271,15
5272,15
5273,15
5274,15
5275,0
5276,0
5277,0
5278,0
5279,6
5280,6
5281,6
5282,6
5283,6
5284,6
5285,6
5286,6
5287,6
5288,6
5289,6
5290,6
5291,6
5292,6
5293,6
5294,6
5295,6
5296,6
5297,6
5298,6
5299,6
5300,6
5301,6
5302,6
5303,6
5304,6
5305,6
5306,6
5307,6
5308,6
5309,6
5310,6
5311,6
5312,6
5313,6
5314,6
5315,6
5316,6
5317,6
5318,6
5319,6
5320,6
5321,6
5322,6
5323,6
5324,6
5325,6
5326,6
5327,6
5328,6
5329,22
5330,22
5331,22
5332,22
5333,22
5334,22
5335,22
5336,22
5337,22
5338,22
5339,22
5340,22
5341,22
5342,22
5343,22
5344,15
5345,15
5346,15
5347,15
5348,15
5349,15
5350,15
5351,15
5352,15
5353,15
5354,15
5355,15
5356,15
5357,15
5358,15
5359,15
5360,15
5361,15
5362,15
5363,15
5364,15
5365,15
5366,15
5367,15
5368,15
5369,15
5370,15
5371,15
5372,15
5373,15
5374,15
5375,15
5376,15
5377,15
5378,15
5379,15
5380,15
5381,15
5382,15
5383,15
5384,15
5385,15
5386,15
5387,15
5388,15
5389,15
5390,15
5391,15
5392,15
5393,15
5394,15
5395,15
5396,15
5397,15
5398,15
5399,15
5400,15
5401,15
5402,15
5403,15
5404,15
5405,15
5406,15
5407,15
5408,15
5409,15
5410,15
5411,15
5412,15
5413,15
5414,15
5415,15
5416,15
5417,15
5418,15
5419,15
5420,15
5421,15
5422,15
5423,15
5424,15
5425,15
5426,15
5427,15
5428,15
5429,15
5430,15
5431,15
5432,15
5433,15
5434,15
5435,15
5436,15
5437,15
5438,15
5439,15
5440,15
5441,15
5442,15
5443,15
5444,15
5445,15
5446,15
5447,15
5448,15
5449,15
5450,15
5451,15
5452,15
5453,15
5454,15
5455,15
5456,15
5457,15
5458,15
5459,15
5460,15
5461,15
5462,15
5463,15
5464,15
5465,15
5466,15
5467,15
5468,15
5469,15
5470,15
5471,15
5472,15
5473,15
5474,15
5475,15
5476,15
5477,15
5478,15
5479,15
5480,15
5481,15
5482,15
5483,0
5484,0
5485,0
5486,0
5487,0
5488,0
5489,0
5490,0
5491,0
5492,0
5493,0
5494,0
5495,0
5496,0
5497,0
5498,0
5499,0
5500,0
5501,0
5502,0
5503,0
5504,0
5505,0
5506,0
5507,0
5508,0
5509,0
5510,0
5511,0
5512,0
5513,0
5514,0
5515,0
5516,0
5517,0
5518,0
5519,0
5520,0
5521,0
5522,0
5523,0
5524,0
5525,0
5526,0
5527,0
5528,0
5529,0
5530,0
5531,0
5532,0
5533,0
5534,0
5535,0
5536,0
5537,0
5538,0
5539,0
5540,0
5541,0
5542,0
5543,0
5544,0
5545,0
5546,0
5547,0
5548,0
5549,0
5550,0
5551,0
5552,0
5553,0
5554,0
5555,0
5556,0
5557,0
5558,0
5559,0
5560,0
5561,0
5562,0
5563,0
5564,0
5565,0
5566,0
5567,0
5568,0
5569,0
5570,0
5571,0
5572,0
5573,15
5574,15
5575,15
5576,15
5577,15
5578,15
5579,15
5580,15
5581,15
5582,15
5583,15
5584,15
5585,0
5586,0
5587,0
5588,0
5589,0
5590,0
5591,0
5592,0
5593,0
5594,0
5595,0
5596,0
5597,0
5598,0
5599,0
5600,0
5601,0
5602,0
5603,0
5604,0
5605,0
5606,0
5607,0
5608,0
5609,0
5610,0
5611,0
5612,0
5613,0
5614,0
5615,0
5616,0
5617,0
5618,0
5619,0
5620,0
5621,0
5622,0
5623,0
5624,0
5625,0
5626,0
5627,0
5628,0
5629,0
5630,0
5631,0
5632,0
5633,0
5634,0
5635,0
5636,0
5637,0
5638,0
5639,0
5640,0
5641,0
5642,0
5643,0
5644,0
5645,0
5646,0
5647,0
5648,0
5649,0
5650,0
5651,0
5652,0
5653,0
5654,0
5655,0
5656,0
5657,0
5658,0
5659,0
5660,0
5661,0
5662,0
5663,0
5664,0
5665,0
5666,0
5667,0
5668,0
5669,0
5670,0
5671,0
5672,0
5673,0
5674,0
5675,0
5676,0
5677,0
5678,0
5679,0
5680,0
5681,0
5682,0
5683,0
5684,0
5685,0
5686,0
5687,0
5688,0
5689,0
5690,15
5691,15
5692,15
5693,15
5694,15
5695,15
5696,15
5697,15
5698,15
5699,15
5700,15
5701,15
5702,15
5703,15
5704,15
5705,15
5706,15
5707,15
5708,15
5709,15
5710,15
5711,15
5712,15
5713,15
5714,15
5715,15
5716,15
5717,15
5718,15
5719,15
5720,15
5721,15
5722,15
5723,15
5724,15
5725,15
5726,15
5727,15
5728,15
5729,15
5730,15
5731,15
5732,15
5733,15
5734,15
5735,15
5736,15
5737,15
5738,15
5739,15
5740,15
5741,15
5742,15
5743,15
5744,15
5745,15
5746,15
5747,15
5748,15
5749,15
5750,15
5751,15
5752,15
5753,15
5754,15
5755,15
5756,15
5757,15
5758,15
5759,15
5760,15
5761,15
5762,15
5763,15
5764,15
5765,15
5766,15
5767,15
5768,15
5769,15
5770,15
5771,15
5772,15
5773,6
5774,6
5775,6
5776,6
5777,6
5778,6
5779,6
5780,6
5781,6
5782,6
5783,6
5784,6
5785,6
5786,6
5787,6
5788,6
5789,6
5790,6
5791,6
5792,6
5793,6
5794,6
5795,6
5796,6
5797,6
5798,6
5799,6
5800,6
5801,6
5802,6
5803,6
5804,6
5805,6
5806,6
5807,6
5808,6
5809,6
5810,6
5811,6
5812,6
5813,6
5814,6
5815,6
5816,6
5817,6
5818,6
5819,6
5820,6
5821,6
5822,6
5823,6
5824,6
5825,6
5826,6
5827,6
5828,6
5829,6
5830,6
5831,6
5832,6
5833,6
5834,6
5835,6
5836,6
5837,6
5838,0
5839,0
5840,16
5841,16
5842,16
5843,16
5844,16
5845,16
5846,15
5847,15
5848,15
5849,15
5850,15
5851,15
5852,15
5853,15
5854,15
5855,15
5856,15
5857,15
5858,15
5859,15
5860,15
5861,15
5862,15
5863,15
5864,15
5865,15
5866,15
5867,15
5868,15
5869,15
5870,15
5871,15
5872,15
5873,15
5874,15
5875,15
5876,6
5877,6
5878,6
5879,6
5880,6
5881,6
5882,6
5883,6
5884,6
5885,6
5886,6
5887,6
5888,6
5889,6
5890,6
5891,6
5892,6
5893,6
5894,6
5895,6
5896,6
5897,6
5898,6
5899,6
5900,6
5901,6
5902,6
5903,6
5904,6
5905,6
5906,6
5907,6
5908,6
5909,6
5910,6
5911,6
5912,6
5913,6
5914,6
5915,6
5916,6
5917,6
5918,6
5919,6
5920,6
5921,6
5922,6
5923,6
5924,6
5925,6
5926,6
5927,6
5928,6
5929,6
5930,6
5931,6
5932,6
5933,6
5934,6
5935,6
5936,6
5937,6
5938,6
5939,6
5940,6
5941,6
5942,6
5943,6
5944,6
5945,6
5946,6
5947,6
5948,6
5949,6
5950,6
5951,6
5952,6
5953,6
5954,6
5955,6
5956,6
5957,6
5958,6
5959,6
5960,6
5961,6
5962,6
5963,6
5964,6
5965,6
5966,6
5967,6
5968,6
5969,6
5970,6
5971,6
5972,6
5973,6
5974,6
5975,6
5976,6
5977,6
5978,6
5979,6
5980,6
5981,6
5982,6
5983,6
5984,6
5985,6
5986,6
5987,6
5988,6
5989,6
5990,6
5991,6
5992,6
5993,6
5994,6
5995,6
5996,6
5997,6
5998,6
5999,6
6000,6
6001,6
6002,6
6003,6
6004,6
6005,6
6006,6
6007,6
6008,6
6009,6
6010,6
6011,6
6012,6
6013,6
6014,6
6015,6
6016,6
6017,6
6018,6
6019,6
6020,6
6021,6
6022,6
6023,6
6024,6
6025,16
6026,16
6027,16
6028,16
6029,16
6030,16
6031,16
6032,16
6033,16
6034,16
6035,16
6036,16
6037,16
6038,16
6039,16
6040,16
6041,16
6042,16
6043,16
6044,16
6045,16
6046,16
6047,16
6048,16
6049,16
6050,16
6051,16
6052,16
6053,16
6054,16
6055,16
6056,16
6057,16
6058,16
6059,16
6060,16
6061,16
6062,16
6063,18
6064,18
6065,18
6066,18
6067,18
6068,18
6069,18
6070,18
6071,18
6072,18
6073,18
6074,18
6075,18
6076,18
6077,18
6078,18
6079,18
6080,18
6081,15
6082,15
6083,15
6084,15
6085,15
6086,15
6087,15
6088,15
6089,15
6090,15
6091,15
6092,15
6093,15
6094,15
6095,15
6096,15
6097,15
6098,15
6099,15
6100,15
6101,15
6102,15
6103,15
6104,15
6105,15
6106,15
6107,15
6108,15
6109,15
6110,15
6111,15
6112,15
6113,15
6114,15
6115,15
6116,15
6117,15
6118,15
6119,15
6120,15
6121,22
6122,22
6123,22
6124,22
6125,22
6126,22
6127,22
6128,38
6129,38
6130,18
6131,18
6132,18
6133,6
6134,6
6135,6
6136,6
6137,6
6138,6
6139,6
6140,6
6141,6
6142,6
6143,6
6144,6
6145,6
6146,6
6147,6
6148,6
6149,6
6150,6
6151,6
6152,6
6153,6
6154,6
6155,6
6156,6
6157,6
6158,6
6159,6
6160,6
6161,6
6162,6
6163,6
6164,6
6165,6
6166,6
6167,6
6168,6
6169,6
6170,15
6171,15
6172,15
6173,15
6174,15
6175,15
6176,15
6177,15
6178,15
6179,15
6180,0
6181,0
6182,0
6183,0
6184,0
6185,0
6186,0
6187,0
6188,0
6189,0
6190,0
6191,0
6192,0
6193,0
6194,0
6195,0
6196,0
6197,0
6198,0
6199,0
6200,0
6201,0
6202,0
6203,0
6204,0
6205,0
6206,0
6207,0
6208,0
6209,0
6210,0
6211,0
6212,0
6213,0
6214,0
6215,0
6216,0
6217,0
6218,0
6219,0
6220,0
6221,0
6222,0
6223,39
6224,39
6225,39
6226,39
6227,39
6228,39
6229,6
6230,6
6231,6
6232,6
6233,6
6234,6
6235,6
6236,6
6237,6
6238,6
6239,6
6240,6
6241,6
6242,22
6243,22
6244,22
6245,6
6246,6
6247,6
6248,6
6249,6
6250,6
6251,6
6252,6
6253,6
6254,6
6255,6
6256,6
6257,6
6258,6
6259,6
6260,6
6261,6
6262,6
6263,6
6264,6
6265,6
6266,6
6267,6
6268,6
6269,6
6270,6
6271,6
6272,6
6273,6
6274,6
6275,6
6276,6
6277,6
6278,24
6279,24
6280,24
6281,24
6282,24
6283,24
6284,24
6285,24
6286,24
6287,24
6288,24
6289,24
6290,24
6291,24
6292,24
6293,24
6294,24
6295,24
6296,24
6297,24
6298,24
6299,24
6300,24
6301,24
6302,24
6303,24
6304,24
6305,24
6306,24
6307,24
6308,24
6309,24
6310,24
6311,24
6312,24
6313,24
6314,24
6315,24
6316,24
6317,24
6318,24
6319,24
6320,24
6321,24
6322,22
6323,22
6324,22
6325,22
6326,22
6327,22
6328,22
6329,22
6330,22
6331,22
6332,22
6333,22
6334,22
6335,22
6336,22
6337,22
6338,22
6339,22
6340,22
6341,22
6342,22
6343,22
6344,22
6345,22
6346,22
6347,22
6348,22
6349,22
6350,22
6351,22
6352,22
6353,22
6354,22
6355,22
6356,22
6357,22
6358,22
6359,22
6360,22
6361,22
6362,22
6363,22
6364,22
6365,22
6366,22
6367,22
6368,22
6369,22
6370,22
6371,22
6372,22
6373,22
6374,22
6375,22
6376,22
6377,22
6378,22
6379,22
6380,22
6381,22
6382,22
6383,22
6384,22
6385,22
6386,22
6387,22
6388,22
6389,22
6390,22
6391,22
6392,22
6393,22
6394,22
6395,22
6396,22
6397,22
6398,22
6399,22
6400,22
6401,22
6402,22
6403,22
6404,22
6405,22
6406,22
6407,22
6408,22
6409,22
6410,22
6411,22
6412,22
6413,22
6414,22
6415,22
6416,22
6417,22
6418,22
6419,22
6420,22
6421,22
6422,22
6423,22
6424,22
6425,22
6426,22
6427,22
6428,22
6429,6
6430,6
6431,6
6432,6
6433,6
6434,6
6435,6
6436,15
6437,15
6438,15
6439,15
6440,15
6441,15
6442,15
6443,15
6444,15
6445,15
6446,15
6447,15
6448,15
6449,15
6450,15
6451,15
6452,15
6453,15
6454,15
6455,15
6456,15
6457,15
6458,15
6459,15
6460,15
6461,15
6462,15
6463,15
6464,15
6465,15
6466,15
6467,15
6468,15
6469,6
6470,6
6471,6
6472,6
6473,6
6474,6
6475,6
6476,6
6477,6
6478,0
6479,0
6480,0
6481,0
6482,0
6483,0
6484,0
6485,0
6486,0
6487,2
6488,2
6489,2
6490,2
6491,2
6492,2
6493,2
6494,2
6495,2
6496,2
6497,2
6498,40
6499,40
6500,40
6501,40
6502,40
6503,40
6504,40
6505,40
6506,40
6507,40
6508,40
6509,40
6510,40
6511,40
6512,40
6513,40
6514,40
6515,40
6516,40
6517,40
6518,40
6519,40
6520,40
6521,40
6522,40
6523,0
6524,0
6525,0
6526,0
6527,0
6528,0
6529,0
6530,42
6531,42
6532,42
6533,42
6534,42
6535,42
6536,42
6537,42
6538,42
6539,42
6540,42
6541,42
6542,42
6543,42
6544,42
6545,43
6546,43
6547,43
6548,15
6549,15
6550,15
6551,15
6552,15
6553,15
6554,45
6555,45
6556,45
6557,45
6558,45
6559,45
6560,45
6561,45
6562,45
6563,45
6564,45
6565,45
6566,45
6567,45
6568,45
6569,45
6570,45
6571,45
6572,45
6573,45
6574,45
6575,45
6576,45
6577,45
6578,45
6579,45
6580,45
6581,45
6582,45
6583,45
6584,0
6585,0
6586,0
6587,0
6588,41
6589,41
6590,41
6591,41
6592,41
6593,41
6594,41
6595,41
6596,41
6597,41
6598,41
6599,41
6600,41
6601,41
6602,41
6603,41
6604,41
6605,41
6606,41
6607,41
6608,41
6609,41
6610,41
6611,41
6612,41
6613,41
6614,41
6615,41
6616,41
6617,41
6618,41
6619,41
6620,41
6621,41
6622,41
6623,41
6624,41
6625,41
6626,41
6627,41
6628,41
6629,6
6630,6
6631,6
6632,6
6633,6
6634,6
6635,6
6636,6
6637,6
6638,6
6639,6
6640,6
6641,6
6642,6
6643,6
6644,6
6645,6
6646,6
6647,6
